{
  "xml_file": "data/gsi_source/FG-GML-5135-00-97-DEM5A-20250620.xml",
  "mesh": "51350097",
  "type": "5mメッシュ（標高）",
  "low": [
    0,
    0
  ],
  "high": [
    224,
    149
  ],
  "shape": [
    150,
    225
  ],
  "lower_corner": [
    34.075,
    135.0875
  ],
  "upper_corner": [
    34.083333333,
    135.1
  ],
  "start_point": [
    142,
    0
  ],
  "sequence_rule": "Linear",
  "sequence_order": "+x-y",
  "tuple_count": 33608,
  "nan_count": 20163,
  "min": -0.25999999046325684,
  "max": 96.23999786376953
}