{
  "xml_file": "data/gsi_source/FG-GML-5135-00-79-DEM5A-20250620.xml",
  "mesh": "51350079",
  "type": "5mメッシュ（標高）",
  "low": [
    0,
    0
  ],
  "high": [
    224,
    149
  ],
  "shape": [
    150,
    225
  ],
  "lower_corner": [
    34.058333333,
    135.1125
  ],
  "upper_corner": [
    34.066666667,
    135.125
  ],
  "start_point": [
    185,
    0
  ],
  "sequence_rule": "Linear",
  "sequence_order": "+x-y",
  "tuple_count": 10838,
  "nan_count": 32813,
  "min": -0.36000001430511475,
  "max": 78.83999633789062
}