{
  "xml_file": "data/gsi_source/FG-GML-5135-00-08-DEM5A-20250620.xml",
  "mesh": "51350008",
  "type": "5mメッシュ（標高）",
  "low": [
    0,
    0
  ],
  "high": [
    224,
    149
  ],
  "shape": [
    150,
    225
  ],
  "lower_corner": [
    34.0,
    135.1
  ],
  "upper_corner": [
    34.008333333,
    135.1125
  ],
  "start_point": [
    0,
    56
  ],
  "sequence_rule": "Linear",
  "sequence_order": "+x-y",
  "tuple_count": 9677,
  "nan_count": 32585,
  "min": -0.25999999046325684,
  "max": 76.33999633789062
}