{
  "xml_file": "data/gsi_source/FG-GML-5135-00-19-DEM5A-20250620.xml",
  "mesh": "51350019",
  "type": "5mメッシュ（標高）",
  "low": [
    0,
    0
  ],
  "high": [
    224,
    149
  ],
  "shape": [
    150,
    225
  ],
  "lower_corner": [
    34.008333333,
    135.1125
  ],
  "upper_corner": [
    34.016666667,
    135.125
  ],
  "start_point": [
    162,
    0
  ],
  "sequence_rule": "Linear",
  "sequence_order": "+x-y",
  "tuple_count": 5688,
  "nan_count": 32715,
  "min": -0.1599999964237213,
  "max": 53.040000915527344
}